T1M-SQ,T1M-SA,T1M-SA_LLM,T1M-S_LLM_R,T1M-SA_CIMBUR,T1M-S_CIMBUR_R,T1M-SA_CFG,T1M-S_CFG_R,T1M-SA_Query,T1M-S_Query_R,T1M-SA_MT,T1M-S_MT_R,T1M-SA_COVE,T1M-S_COVE_R,T1M-SA_COVE_MT,T1M-S_COVE_MT_R,T1M-YNQ,T1M-YNA,T1M-YNA_LLM,T1M-YN_LLM_R,T1M-YNA_CIMBUR,T1M-YN_CIMBUR_R,T1M-YNA_CFG,T1M-YN_CFG_R,T1M-YNA_Query,T1M-YN_Query_R,T1M-YNA_MT,T1M-YN_MT_R,T1M-YNA_COVE,T1M-YN_COVE_R,T1M-YNA_COVE_MT,T1M-YN_COVE_MT_R,T1M-FQ,T1M-FA,T1M-FA_LLM,T1M-FA_LLM_R,T1M-FA_CIMBUR,T1M-FA_CIMBUR_R,T1M-FA_CFG,T1M-FA_CFG_R,T1M-FA_Query,T1M-FA_Query_R,T1M-FA_MT,T1M-FA_MT_R,T1M-FA_COVE,T1M-FA_COVE_R,T1M-FA_COVE_MT,T1M-FA_COVE_MT_R
"Provide a summary of all issues similar to issue 18102, including their current status","Two issues similar to issue 18102 are issue 17995 and issue 18669. In issue 17995, there is a failure in an internal build related to java.lang.ArrayIndexOutOfBoundsException at java.lang.CharacterDataLatin1.getProperties. The failure occurred during the execution of sun/nio/cs/TestIBMBugs.java. Similarly, issue 18669 involves an ArrayIndexOutOfBoundsException during the execution of java/lang/Character/CharPropTest.java. The stack trace in both issues points to java.lang.CharacterDataLatin1.getProperties, indicating a similar exception pattern. Both issues remain open and unresolved.",There are no issues similar to issue 18102.,0,"
The status of all issues similar to issue 18102 is open, while the status of the other issues is closed. The title of the issue is ""jdk_lang_j9_0_FAILED java/lang/String/NonCharacterMapping.java ArrayIndexOutOfBoundsException at java.base/java.lang.CharacterDataLatin1.getProperties(CharacterDataLatin1.java:74)"". The exception is ""java.lang.ArrayIndexOutOfBoundsException at java.base/java.lang.CharacterDataLatin1.getProperties(CharacterDataLatin1.java:74) at java.base/java.lang.Thread.run(Thread.java:839)"". The body is ""Failure link ------------ From [an internal build](https://hyc-runtimes-jenkins.swg-devops.com/job/Test_openjdk11_j9_sanity.openjdk_x86-64_windows_testList_0/330/)(`win19x86-rt2-1`): ``` openjdk version ""11.0.21"" 2023-10-17 IBM Semeru Runtime Open Edition 11.0.21.0-m1 (build..."". The label is ""comp:jit \n test failure"".",1,The issue with title '[Bug report] memoryPoolMXBean.getUsage will throw exception when gcpolicy is balanced' is currently closed.,0,"Title: jdk_lang_j9_0_FAILED java/lang/String/NonCharacterMapping.java ArrayIndexOutOfBoundsException at java.base/java.lang.CharacterDataLatin1.getProperties(CharacterDataLatin1.java:74)
Exception: Failure link
Body: From [an internal build](https://hyc-runtimes-jenkins.swg-devops.com/job/Test_openjdk11_j9_sanity.openjdk_x86-64_windows_testList_0/330/)(`win19x86-rt2-1`):
```
openjdk version ""11.0.21"" 2023-10-17
IBM Semeru Runtime Open Edition 11.0.21.0-m1 (build...
Labels: comp:jit, test failure",0,"Issue number 17063 titled ""OpenJDK java/lang/String/ToLowerCase ArrayIndexOutOfBoundsException"" is similar to issue 18102 and is currently in an open state.",0,The current status of issues similar to 18102 is open.,0,"Issue number 17063 with the title ""OpenJDK java/lang/String/ToLowerCase ArrayIndexOutOfBoundsException"" is currently open.",0,Is issue 18102 and 18669 similar?,Yes,"No, the issues are not similar. The first issue (18102) is a failure in the java/lang/String/NonCharacterMapping.java test, while the second issue (18669) is a failure in the java/lang/Character/CharPropTest.java test.",0,The content of issues 18102 and 18669 are similar as they both contain failure links and an ArrayIndexOutOfBoundsException.,0,"No, the issues are not similar. The first issue (18102) is a failure in the java/lang/String/NonCharacterMapping.java file, while the second issue (18669) is a failure in the java/lang/Character/CharPropTest.java file.",0,"Yes, there are similarities between issue 18102 and 18669. Both issues involve an ArrayIndexOutOfBoundsException in different tests.",1,"No, the issues are not similar. The first issue (18102) is a failure in the java/lang/String/NonCharacterMapping.java test, while the second issue (18669) is a failure in the java/lang/Character/CharPropTest.java test.",0,"No, the issues are not similar. The first issue (18102) is a failure in the java/lang/String/NonCharacterMapping.java test, while the second issue (18669) is a failure in the java/lang/Character/CharPropTest.java test.",0,"No, issues 18102 and 18669 are not similar. Issue 18102 has 10 comments, was created on 2023-09-08 by JasonFengJ9, is still open, and has the labels 'comp:jit, test failure' and milestone 'Release 0.46 (Java 8, 11, 17, 21, 22) July refresh'. Issue 18669 has 1 comment, was created on 2023-12-21 by pshipton, is also still open, and has the same labels and milestone as issue 18102.",0,Which issues are duplicate of issue 18102?,18669 and 17995,"Final answer here

There are no issues that are duplicates of issue 18102.",0,"
17005, 17019, 17063",0,"Final answer here
There are no issues that are duplicates of issue 18102.",0,"17005, 17019, 17063",0,There are no issues that are duplicates of issue 18102.,0,"
There are no issues that are duplicates of issue 18102.",0,"Issue 18102 has 10 comments, so it is not true that it has no duplicates.",0
Provide a summary of all issues similar to issue 18487,"Issue 17638 is similar to issue 18487 as both involve inaccuracies in measuring time durations, specifically related to sleep intervals. In issue 17638, the SleepSanity test from the OpenJDK test suite fails because the sleep duration of 999ms is less than the expected 1000ms","('[win_x86] SE80_GIT cmdLineTest_J9test_elapsedTime_0 FAILED: testElapsedTime() sleep 100ms elapsedNanoTimeInMillis (98ms) should NOT be less than minElapsedNanoTimeInMillis (100ms) & FAILED: testElapsedTime() timer delayed 2s elapsedNanoTimeInMillis (1993ms) should NOT be less than...', 'open', 5, '2023-11-20', None, 'JasonFengJ9', 'test failure, test excluded', 'JasonFengJ9', None, 'Failure link\r\n------------\r\n\r\nFrom [an internal build](http://vmfarm.rtp.raleigh.ibm.com/job_output.php?id=72226491)(`win10x64rtp-3-1`):\r\n```\r\njava version ""1.8.0_391""\r\nJava(TM) SE Runtime Environment (build 8.0.9.0 - pwi3280sr9-20231020_01(SR9))\r\nIBM J9 VM (build 2.9, JRE 1.8.0 Windows 10...')",0,"The issue with number 18487 has the title '[win_x86] SE80_GIT cmdLineTest_J9test_elapsedTime_0 FAILED: testElapsedTime() sleep 100ms elapsedNanoTimeInMillis (98ms) should NOT be less than minElapsedNanoTimeInMillis (100ms) & FAILED: testElapsedTime() timer delayed 2s elapsedNanoTimeInMillis (1993ms) should NOT be less than...'. The exception associated with this issue is 'Exception in thread ""main"" java.lang.AssertionError:\nat org.testng.AssertJUnit.fail(AssertJUnit.java:59)\nat ElapsedTime.main(ElapsedTime.java:32)'. The body of the issue contains a failure link and the labels associated with this issue are 'test failure' and 'test excluded'.",0,"('[win_x86] SE80_GIT cmdLineTest_J9test_elapsedTime_0 FAILED: testElapsedTime() sleep 100ms elapsedNanoTimeInMillis (98ms) should NOT be less than minElapsedNanoTimeInMillis (100ms) & FAILED: testElapsedTime() timer delayed 2s elapsedNanoTimeInMillis (1993ms) should NOT be less than...', 'open', 5, '2023-11-20', None, 'JasonFengJ9', 'test failure \n test excluded', 'JasonFengJ9', None, 'Failure link\r\n------------\r\n\r\nFrom [an internal build](http://vmfarm.rtp.raleigh.ibm.com/job_output.php?id=72226491)(`win10x64rtp-3-1`):\r\n```\r\njava version ""1.8.0_391""\r\nJava(TM) SE Runtime Environment (build 8.0.9.0 - pwi3280sr9-20231020_01(SR9))\r\nIBM J9 VM (build 2.9, JRE 1.8.0 Windows 10...', 'Exception in thread ""main"" java.lang.Assertion",0,"The issue with number 18487 is titled ""[win_x86] SE80_GIT cmdLineTest_J9test_elapsedTime_0 FAILED: testElapsedTime() sleep 100ms elapsedNanoTimeInMillis (98ms) should NOT be less than minElapsedNanoTimeInMillis (100ms) & FAILED: testElapsedTime() timer delayed 2s elapsedNanoTimeInMillis (1993ms) should NOT be less than..."". The body of the issue includes a failure link and information about the Java version and runtime environment. The labels for this issue include ""test failure"" and ""test excluded"".",0,"There is one issue similar to issue 18487, which is issue number 17063 titled ""OpenJDK java/lang/String/ToLowerCase ArrayIndexOutOfBoundsException"". It is currently open with 1 comment and was created on 2023-03-29 by issue creator pshipton.",0,,0,There is an open issue with number 18487 titled '[win_x86] SE80_GIT cmdLineTest_J9test_elapsedTime_0 FAILED: testElapsedTime() sleep 100ms elapsedNanoTimeInMillis (98ms) should NOT be less than minElapsedNanoTimeInMillis (100ms) & FAILED: testElapsedTime() timer delayed 2s elapsedNanoTimeInMillis (1993ms) should NOT be less than...'. It has 5 comments and was created on 2023-11-20.,0,Is issue 18487 and 18102 similar?,No,"No, the issues are not similar. They have different titles and bodies.",1,"
Yes, there are similarities between issue 18487 and issue 18102. Both issues have a failure link and a similar body describing the issue. The failure link can be found in existing issue reports and the similar body can be found in existing issue reports. Both issues have the same issue creator, JasonFengJ9, and both have a test failure as the exception and failure stack trace. However, there are no parallels between issue 18487 and issue 18102.",0,"No, the issues are not similar.",1,The content of issues 18487 and 18102 are not similar.,1,"
No, the issues are not similar. They have different titles, states, comments, created_at dates, closed_at dates, issue creators, labels, issue assignees, milestones, and bodies.",1,"Yes, issue 18487 can be found in existing issue reports.",0,"No, issues 18487 and 18102 are not similar. They have different descriptions, assigned developers, and resolutions proposed.",1,Find issues similar to 18487,17638,"Yes, there is one issue similar to 18487. The issue number is 18487, the title is '[win_x86] SE80_GIT cmdLineTest_J9test_elapsedTime_0 FAILED: testElapsedTime() sleep 100ms elapsedNanoTimeInMillis (98ms) should NOT be less than minElapsedNanoTimeInMillis (100ms) & FAILED: testElapsedTime() timer delayed 2s elapsedNanoTimeInMillis (1993ms) should NOT be less than...', the state is 'open', there are 5 comments, it was created on 2023-11-20, it is not closed, the issue creator is JasonFengJ9, the labels are 'test failure, test excluded', the issue assignees are 'JasonFengJ9', there is no milestone, and the body is 'Failure link\r\n------------\r\n\r\nFrom [an internal build](http://vmfarm.rtp.raleigh.ibm.com/job_output.php?id=72226491)(`win10x64rtp-3-1`):\r\n```\r\njava version ""1.8.0_391""\r\nJava(TM) SE Runtime Environment (build 8.0.9.0 - p",0,"17005, 17019, 17063",0,There are no issues similar to 18487.,0,18487,0,"
There is one issue that is similar to 18487. The issue number is 18487, the title is '[win_x86] SE80_GIT cmdLineTest_J9test_elapsedTime_0 FAILED: testElapsedTime() sleep 100ms elapsedNanoTimeInMillis (98ms) should NOT be less than minElapsedNanoTimeInMillis (100ms) & FAILED: testElapsedTime() timer delayed 2s elapsedNanoTimeInMillis (1993ms) should NOT be less than...', the state is 'open', there are 5 comments, the issue was created on 2023-11-20, it is not closed yet, the issue creator is JasonFengJ9, the labels are 'test failure, test excluded', the issue assignees are 'JasonFengJ9', there is no milestone, and the body is 'Failure link\r\n------------\r\n\r\nFrom [an internal build](http://vmfarm.rtp.raleigh.ibm.com/job_output.php?id=72226491)(`win10x64rtp-3-1`):\r\n```\r\njava version ""1.8.0_391""\r\nJava(TM) SE Runtime Environment (build 8.0.9",0,"
There is one issue similar to 18487. The issue number is 18487, the title is '[win_x86] SE80_GIT cmdLineTest_J9test_elapsedTime_0 FAILED: testElapsedTime() sleep 100ms elapsedNanoTimeInMillis (98ms) should NOT be less than minElapsedNanoTimeInMillis (100ms) & FAILED: testElapsedTime() timer delayed 2s elapsedNanoTimeInMillis (1993ms) should NOT be less than...', the state is 'open', there are 5 comments, the issue was created on 2023-11-20, it is not closed yet, the issue creator is JasonFengJ9, the labels are 'test failure, test excluded', the issue assignees are 'JasonFengJ9', there is no milestone, and the body is 'Failure link\r\n------------\r\n\r\nFrom [an internal build](http://vmfarm.rtp.raleigh.ibm.com/job_output.php?id=72226491)(`win10x64rtp-3-1`):\r\n```\r\njava version ""1.8.0_391""\r\nJava(TM) SE Runtime Environment (build 8.0.9.0",0,"There is one issue similar to 18487, which is issue number 17019 titled 'OpenJ9 can't find natives when launching Reposilite', with a state of 'closed' and created on '2023-03-24'.",0
"Provide a summary of all issues similar to issue 18669, including their current status","Two issues similar to issue 18669 are issue 18102 and issue 18669. In issue 18102, there is a failure in an internal build related to java.lang.ArrayIndexOutOfBoundsException at java.lang.CharacterDataLatin1.getProperties. The failure occurred during the execution of sun/nio/cs/TestIBMBugs.java. Similarly, issue 18669 involves an ArrayIndexOutOfBoundsException during the execution of java/lang/Character/CharPropTest.java. The stack trace in both issues points to java.lang.CharacterDataLatin1.getProperties, indicating a similar exception pattern. Both issues remain open and unresolved.",,0,"The status of issues similar to issue 18669 is as follows:
- Title: OpenJDK java/lang/Character/CharPropTest - ArrayIndexOutOfBoundsException
- Exception: java.lang.ArrayIndexOutOfBoundsException at java.base/java.lang.CharacterDataLatin1.getProperties(CharacterDataLatin1.java:74) at CharPropTest.lambda$main$1(CharPropTest.java:55)
- Body: https://openj9-jenkins.osuosl.org/job/Test_openjdk11_j9_sanity.openjdk_s390x_linux_Nightly_testList_1/116/ jdk_lang_1 java/lang/Character/CharPropTest.java
- Labels: comp:jit test failure",1,Issue 18669 is the only issue similar to 'OpenJDK java/lang/String/ToLowerCase ArrayIndexOutOfBoundsException' and its current status is 'open'.,0,"Title: OpenJDK java/lang/Character/CharPropTest - ArrayIndexOutOfBoundsException
State: open
Body: https://openj9-jenkins.osuosl.org/job/Test_openjdk11_j9_sanity.openjdk_s390x_linux_Nightly_testList_1/116/
jdk_lang_1
java/lang/Character/CharPropTest.java

```
01:45:09  java.lang.ArrayIndexOutOfBoundsException
01:45:09  \tat...
Labels: comp:jit, test failure",1,Issue 17063 is similar to issue 18669 and it is currently open.,0,Issue 17019: OpenJ9 can't find natives when launching Reposilite (Closed),0,Issue 17063 titled 'OpenJDK java/lang/String/ToLowerCase ArrayIndexOutOfBoundsException' is similar to issue 18669 and its current status is open.,0,Has there been a report of a crash on vm component?,Yes,"No, there has not been a report of a crash on vm component.",0,"Yes, there are crash reports associated with the VM component.",1,"Yes, there has been 1 report of a crash on the vm component.",1,There are no crash reports related to the VM component.,0,"No, there have been no reports of a crash on the vm component.",0,"Yes, it is true that there has not been a report of a crash on the vm component.",1,"Yes, there is a record of a crash occurring on the vm component.",1,Find duplicate reports of the 18694?,18698,Final answer: There is only one report of the 18694.,0,"17005, 17019",0,Final answer: There is only one report of the 18694.,0,"17005, 17019, 17063",0,Final answer: There is only one report of the 18694.,0,Final answer: There is only one report of the 18694.,0,There are no duplicate reports of the issue with number 18694.,0
Provide a summary of all issues similar to issue 17638,"Issue 18487 is similar to issue 17638 as both involve inaccuracies in measuring time durations, specifically related to sleep intervals. In issue 17638, the SleepSanity test from the OpenJDK test suite fails because the sleep duration of 999ms is less than the expected 1000ms","There is only one issue similar to issue 17638, which is issue number 17063 titled ""OpenJDK java/lang/String/ToLowerCase ArrayIndexOutOfBoundsException"". It is currently open with 1 comment, created on 2023-03-29 by issue creator pshipton. The labels associated with this issue are ""test failure, arch:z, os:linux, release blocker"" and it does not have a milestone assigned.",,"Title: OpenJDK java/lang/Thread/SleepSanity Duration 999ms, expected >= 1000ms
Exception: org.opentest4j.AssertionFailedError: Duration 999ms, expected >= 1000ms ==> expected: <true> but was: <false>
Body: ### https://openj9-jenkins.osuosl.org/job/Test_openjdk21_j9_sanity.openjdk_x86-64_windows_Nightly/1
jdk_lang_0, jdk_lang_j9_0 (passed in jdk_lang_1)
java/lang/Thread/SleepSanity.java
```
04:51:09  STARTED    SleepSanity::testMillisNanos 'testMillisNanos()'
04:51:09  SUCCESSFUL...
Labels: comp:vm, test failure, test excluded, jdk21",1,"Final answer: The issue similar to issue 17638 is titled ""OpenJDK java/lang/Thread/SleepSanity Duration 999ms, expected >= 1000ms"", is currently open, has 5 comments, was created on 2023-06-22, and was created by pshipton.",1,"Title: OpenJDK java/lang/Thread/SleepSanity Duration 999ms, expected >= 1000ms
Body: ### https://openj9-jenkins.osuosl.org/job/Test_openjdk21_j9_sanity.openjdk_x86-64_windows_Nightly/1
jdk_lang_0, jdk_lang_j9_0 (passed in jdk_lang_1)
java/lang/Thread/SleepSanity.java
```
04:51:09  STARTED    SleepSanity::testMillisNanos 'testMillisNanos()'
04:51:09  SUCCESSFUL...
Labels: comp:vm, test failure, test excluded, jdk21",0,"There is only one issue that shares similarities with issue 17638, which is issue number 17063 titled ""OpenJDK java/lang/String/ToLowerCase ArrayIndexOutOfBoundsException"". It is currently in an open state with 1 comment and was created on 2023-03-29.",0,"There is 1 similar issue to issue 17638, which is titled 'OpenJDK java/lang/String/ToLowerCase ArrayIndexOutOfBoundsException'. It is currently open, has 1 comment, was created on 2023-03-29 by pshipton, and is related to a test failure.",0,There are no similar issues to issue 17638.,0,Is issue 18102 and 17995 similar?,Yes,"No, issues 18102 and 17995 are not similar. Issue 18102 has the title 'jdk_nio_0_FAILED sun/nio/cs/TestIBMBugs.java java.lang.ArrayIndexOutOfBoundsException at java.lang.CharacterDataLatin1.getProperties(CharacterDataLatin1.java:72)' and is currently open with 3 comments, created on 2023-08-21 by JasonFengJ9. It has the label 'test failure' and no milestone. Issue 17995 has the title 'jdk_lang_j9_0_FAILED java/lang/String/NonCharacterMapping.java ArrayIndexOutOfBoundsException at java.base/java.lang.CharacterDataLatin1.getProperties(CharacterDataLatin1.java:74)' and is also open with 10 comments, created on 2023-09-08 by JasonFengJ9. It has the labels 'comp:jit, test failure' and is associated with the milestone 'Release 0.46 (Java 8, 11, 17, 21, 22) July refresh'.",0,"Yes, The content of issues 18102 and 17995 are similar as they both contain a ""Failure link"" section with internal build links and version information for OpenJDK.",1,"No, issues 18102 and 17995 are not similar. The titles and bodies of the two issues are different.",0,"Yes, The issues 18102 and 17995 both involve ArrayIndexOutOfBoundsException exceptions in different test cases. The stack traces and descriptions of the failures are similar in that they both mention the specific exception being thrown at a certain line in the code. The failures are related to different internal builds of OpenJDK versions.",1,"No, issues 18102 and 17995 cannot be considered similar as they have different titles and bodies.",0,"No, issues 18102 and 17995 are not similar. Issue 18102 has the title 'jdk_lang_j9_0_FAILED java/lang/String/NonCharacterMapping.java ArrayIndexOutOfBoundsException at java.base/java.lang.CharacterDataLatin1.getProperties(CharacterDataLatin1.java:74)' and is still open with 10 comments, created by JasonFengJ9. It has no milestone associated. Issue 17995 has the title 'jdk_nio_0_FAILED sun/nio/cs/TestIBMBugs.java java.lang.ArrayIndexOutOfBoundsException at java.lang.CharacterDataLatin1.getProperties(CharacterDataLatin1.java:72)' and is associated with the label 'test failure'.",0,"No, issues 18102 and 17995 are not similar. Issue 18102 has the title 'jdk_nio_0_FAILED sun/nio/cs/TestIBMBugs.java java.lang.ArrayIndexOutOfBoundsException at java.lang.CharacterDataLatin1.getProperties(CharacterDataLatin1.java:72)', is open, has 3 comments, was created on 2023-08-21 by JasonFengJ9, has labels 'test failure', no milestone, and includes a body with a failure link. Issue 17995 has the title 'jdk_lang_j9_0_FAILED java/lang/String/NonCharacterMapping.java ArrayIndexOutOfBoundsException at java.base/java.lang.CharacterDataLatin1.getProperties(CharacterDataLatin1.java:74)', is open, has 10 comments, was created on 2023-09-08 by JasonFengJ9, has labels 'comp:jit, test failure', milestone 'Release 0.46 (Java 8, 11, 17, 21, 22) July refresh', and includes a body with a failure link.",0,Find all issues related to segmentation error,17458,There are no issues related to segmentation error in the given table.,0,17458,1,"[('Unhandled exception Type=Segmentation error  *** Invalid JIT return address', 'Java -version output\r\n--------------------\r\n\r\n> jdk8u362-b09_openj9/bin/java -version\r\nopenjdk version ""1.8.0_362""\r\nIBM Semeru Runtime Open Edition (build 1.8.0_362-b09)\r\nEclipse OpenJ9 VM (build openj9-0.36.0, JRE 1.8.0 Linux amd64-64-Bit Compressed References 20230206_588 (JIT enabled, AOT...')]",0,17458,1,"Yes, the problems associated with segmentation error are:
1. Unhandled exception Type=Segmentation error  *** Invalid JIT return address",0,There is currently 1 issue related to segmentation error.,0,Issue number 17458 titled 'Unhandled exception Type=Segmentation error  *** Invalid JIT return address' is the only known issue related to segmentation error in the database.,0
,,,,,,,,,,,,,,,,Is issue 17995 and 18487 similar?,No,"No, issues 17995 and 18487 are not similar. Issue 17995 is related to a test failure in the `sun/nio/cs/TestIBMBugs.java` file, while issue 18487 is related to test failures in the `SE80_GIT cmdLineTest_J9test_elapsedTime_0` file.",1,"Yes, The content of issues 17995 and 18487 are similar as they both contain failure links and information related to Java versions and runtime environments.",0,"No, issues 17995 and 18487 are not similar. The titles and bodies of the two issues are different.",1,"No, The content of issues 17995 and 18487 are different as they have different titles and bodies.",0,"No, issues 17995 and 18487 are not similar. Issue 17995 is related to 'jdk_nio_0_FAILED sun/nio/cs/TestIBMBugs.java java.lang.ArrayIndexOutOfBoundsException at java.lang.CharacterDataLatin1.getProperties(CharacterDataLatin1.java:72)' and is currently open with 3 comments, created on 2023-08-21 by JasonFengJ9. Issue 18487 is related to '[win_x86] SE80_GIT cmdLineTest_J9test_elapsedTime_0 FAILED: testElapsedTime() sleep 100ms elapsedNanoTimeInMillis (98ms) should NOT be less than minElapsedNanoTimeInMillis (100ms) & FAILED: testElapsedTime() timer delayed 2s elapsedNanoTimeInMillis (1993ms) should NOT be less than...' and is also currently open with 5 comments, created on 2023-11-20 by JasonFengJ9.",1,"No, issues 17995 and 18487 are not similar. Issue 17995 is related to a test failure in the JDK NIO with a specific failure link provided in the body of the issue, while issue 18487 is related to test failures on a specific test case. The files related to the test failures in these two issues are different.",1,"No, issues 17995 and 18487 are not similar. Issue 17995 is related to a test failure in the JDK NIO with a specific failure link provided in the body of the issue, while issue 18487 is related to test failures on a specific test case with some excluded tests.",1,How many duplicate reports have been found for issue 18669?,2,1,0,"No, there are no duplicate reports related to issue 18669.",0,1,0,1,0,1,0,"No, there are other issues with duplicate reports.",0,"No, there have been 0 duplicate reports found for issue 18669.",0
,,,,,,,,,,,,,,,,Has there been a report of a crash on jit component?,Yes,"Yes, there has been a report of a crash on the JIT component.",1,"Yes, there are crash reports associated with the JIT component.",1,"Yes, there has been a report of a crash on the JIT component.",1,"Answer: No, There are no crash reports related to the JIT component in the database.",0,"Yes, a crash on the jit component has been reported.",1,"Yes, the crash on the jit component is still ongoing.",1,"Yes, a crash on the jit component has been reported.",1,Which issues are duplicate of issue  18669?,18102 and 17995 are duplicate of issue 18669,There are no duplicate issues of issue 18669.,0,No issues are marked as duplicates of issue 18669.,0,"The issue with number 18669 titled ""OpenJDK java/lang/Character/CharPropTest - ArrayIndexOutOfBoundsException"" is a duplicate of itself.",0,Answer: There are no issues marked as duplicates of issue 18669 in the database.,1,"The only issue considered a duplicate of issue 18669 is ""OpenJDK java/lang/Character/CharPropTest - ArrayIndexOutOfBoundsException"".",0,There are no duplicate issues of issue 18669.,0,"The issue with number 18669 is titled ""OpenJDK java/lang/Character/CharPropTest - ArrayIndexOutOfBoundsException"".",0
,,,,,,,,,,,,,,,,,,,,,,,,,,,,,,,,Find issues similar to 17638,18487,There are no issues similar to issue number 17638.,0,Issue numbers of issues similar to 17638 cannot be found in the database.,0,There are no issues similar to 17638.,0,Issue numbers of issues similar to 17638 are 17063.,0,"Final answer: No, there are no issues that have a similar nature to issue number 17638.",0,"Final answer: The issue similar to 17638 has a duration of 999ms, is currently open, and was created on 2023-06-22.",0,Final answer: There are no issues similar to issue number 17638 in the database.,0
,,,,,,,,,,,,,,,,,,,,,,,,,,,,,,,,Find duplicate reports of the 18698?,18694,"There is one duplicate report of issue number 18698, which has the title '[Bug report] memoryPoolMXBean.getUsage will throw exception when gcpolicy is balanced', was created on 2023-03-23 by xiangtianyu.",0,There are no duplicate reports related to issue 18698.,0,"There is one duplicate report of the issue with number 18698, which has the title '[Bug report] memoryPoolMXBean.getUsage will throw exception when gcpolicy is balanced'. The duplicate report has the number 17005, was created by xiangtianyu on 2023-03-23, and is in a closed state.",0,17005,0,There are no duplicate reports of the issue with number 18698.,0,There are no duplicate reports of the issue with number 18698.,0,There are no duplicate reports of the issue with number 18698.,0
,,,,,,,,,,,,,,,,,,,,,,,,,,,,,,,,Find all issues related to nullpointerexception," all issues related to nullpointerexception are 17307, 17774, 18336, 18447","There are 2 closed issues related to NullPointerException:
1. Issue number 17774 titled ""NullPointerExceptions seen in SpinedBufferTest"" was created on 2023-07-11, closed on 2023-11-14 by issue creator babsingh with labels jdk11, triageRequired and no milestone.
2. Issue number 18447 titled ""jdk_security_infra_0_FAILED NullPointerException: Cannot invoke ""java.security.cert.X509Certificate.getSubjectX500Principal()"" because ""this.rootCertificate"" is null"" was created on 2023-11-13, closed on 2024-01-11 by issue creator JasonFengJ9 with labels test failure, comp:jclextensions and milestone Release 0.43 (Java 8, 11, 17, 21) Jan refresh.",0,"Issue numbers related to ""NullPointerException"" exception are 17307, 17774, 18336, and 18447.",1,There are 4 closed issues related to NullPointerException in the database.,1,"Issue numbers related to ""NullPointerException"" exception are 17307, 17774, 18336, and 18447.",1,There are 4 closed issues related to NullPointerException in the database.,1,"There are 2 closed issues related to NullPointerException: 1. Issue number 17774 titled ""NullPointerExceptions seen in SpinedBufferTest"" was created on 2023-07-11, closed on 2023-11-14 by issue creator babsingh with labels jdk11 and triageRequired. 2. Issue number 18447 titled ""jdk_security_infra_0_FAILED NullPointerException: Cannot invoke ""java.security.cert.X509Certificate.getSubjectX500Principal()"" because ""this.rootCertificate"" is null"" was created by JasonFengJ9 and the milestone was ""Release 0.43 (Java 8, 11, 17, 21) Jan refresh"".",0,"There are 4 issues related to NullPointerException:
1. Issue number 17307 titled '[JDK20] GetStackTraceNotSuspendedStress Fails'
2. Issue number 17774 titled 'NullPointerExceptions seen in SpinedBufferTest'
3. Issue number 18336 titled 'Recent builds of packaged Eclipse fail to launch with Semeru but succeed with Adoptium on macOS ARM'
4. Issue number 18447 titled 'jdk_security_infra_0_FAILED NullPointerException: Cannot invoke ""java.security.cert.X509Certificate.getSubjectX500Principal()"" because ""this.rootCertificate"" is null'",0
,,,,,,,,,,,,,,,,,,,,,,,,,,,,,,,,How many duplicate reports have been found for issue 17638?,1,There is 1 duplicate report found for issue 17638.,1,The count of duplicate reports related to issue 17638 is 0.,0,There is 1 duplicate report found for issue 17638.,1,Final answer here: 0,0,There is 1 duplicate report found for issue 17638.,1,There are no actions taken to address the duplicate report for issue 17638 as there are no results returned from the query.,0,"The duplicate issue for issue 17638 was reported by ""pshipton"".",0