T1S-SQ,T1S-SA,T1S-SA_LLM,T1S-S_LLM_R,T1S-SA_CIMBUR,T1S-S_CIMBUR_R,T1S-SA_CFG,T1S-S_CFG_R,T1S-SA_Query,T1S-S_Query_R,T1S-SA_MT,T1S-S_MT_R,T1S-SA_COVE,T1S-S_COVE_R,T1S-SA_COVE_MT,T1S-S_COVE_MT_R,T1S-YNQ,T1S-YNA,T1S-YNA_LLM,T1S-YN_LLM_R,T1S-YNA_CIMBUR,T1S-YN_CIMBUR_R,T1S-YNA_CFG,T1S-YN_CFG_R,T1S-YNA_Query,T1S-YN_Query_R,T1S-YNA_MT,T1S-YN_MT_R,T1S-YNA_COVE,T1S-YN_COVE_R,T1S-YNA_COVE_MT,T1S-YN_COVE_MT_R
Summarize the differences observed in the execution of the test case across different versions of OpenJ9 on Linux in issue 18608,"In jdk_linux_11_openj9, there are WARNING messages reported, while in jdk_linux_17_openj9, an uncaught exception occurs. However, in jdk_linux_8_openj9, there are no reported issues or warnings.","The test case in issue 18608 has execution problems across different versions of OpenJ9 on Linux. The affected versions include openjdk version ""1.8.0_382"" and IBM Semeru Runtime Open Edition (build...).",0,The affected versions are OpenJDK 1.8.0_382 and IBM Semeru Runtime Open Edition.,0,"The test case in issue 18608 has execution problems across different versions of OpenJ9 on Linux, specifically versions 1.8.0_382 and 1.8.0_382. The simplified class file can be found in the attachment.",0,There are no variations in test case execution across different OpenJ9 versions on Linux in issue 18608.,0,The affected versions are OpenJDK 1.8.0_382 and IBM Semeru Runtime Open Edition.,0,The test case in issue 18608 has execution problems on OpenJ9 versions 1.8.0_382 and above on Linux.,0,"The differences observed in the execution of the test case across different versions of OpenJ9 on Linux in issue 18608 are related to OpenJ9-17 reporting a bug with an uncaught exception, while versions 8 and 11 did not report any issues. The affected version mentioned was OpenJDK 1.8.0_382 on Linux.",1,Does Elasticsearch require the UseG1GC option to be present during its startup stage in issue 18151?,Yes,"No, the UseG1GC option is not required during Elasticsearch's startup stage in issue 18151.",0,"Yes, the UseG1GC is required during Elasticsearch startup for issue 18151.",1,"No, the UseG1GC option is not required during Elasticsearch's startup stage in issue 18151.",0,"Yes, the UseG1GC option is essential for running Elasticsearch with Semeru runtimes, as mentioned in issue 18151.",1,"Yes, the UseG1GC option must be included during Elasticsearch's startup stage for issue 18151.",1,"No, the UseG1GC option is not required during Elasticsearch's startup stage in issue 18151.",0,"No, the UseG1GC option is not necessary for Elasticsearch to be present during its startup stage in issue 18151.",0
Summarize the reproduction steps the exception of issue 17005,Run using openj9 and with vm args '-Xgcpolicy:balanced',"The reproduction steps for the exception of issue 17005 are to run the command ""Java -version"" and observe the output. The issue creator, xiangtianyu, tried several versions and encountered the same problem. The versions used were openjdk version ""17.0.4.1-ea"" 2022-08-12 and IBM Semeru Runtime Open Edition 17.0.4.1 (build 17.0.4.1-ea+1) with Eclipse OpenJ9 VM 17.0.4.1 (build openj9-0.33.1, JRE 17 Mac OS X aarch64-64-Bit...).",0,"The reproduction steps mentioned in the body of issue 17005 are to run the command ""Java -version"" and observe the output.",0,"The reproduction steps for the exception in issue 17005 are as follows: 
1. Run the command ""Java -version"" in the terminal.
2. Observe the output and note the version of openjdk being used.
3. Try multiple versions of openjdk and observe that the same problem occurs.
4. Look at the stack trace in the body of the issue for more information.",0,"The reproduction steps mentioned in the body of issue 17005 are: ""Java -version output"", ""I tried several versions and have the same problem.""",0,"The reproduction steps for the exception of issue 17005 are to run the command ""Java -version"" and observe the output. The issue creator, xiangtianyu, tried several versions and encountered the same problem. The versions used were openjdk version ""17.0.4.1-ea"" 2022-08-12 and IBM Semeru Runtime Open Edition 17.0.4.1 (build 17.0.4.1-ea+1) with Eclipse OpenJ9 VM 17.0.4.1 (build openj9-0.33.1, JRE 17 Mac OS X aarch64-64-Bit...).",0,,0,"The reproduction steps for the exception of issue 17005 involve running the command ""Java -version"" to get the Java version output and encountering the exception when using openjdk version ""17.0.4.1-ea"" with IBM Semeru Runtime Open Edition 17.0.4.1.",0,does issue 17288 report a intermittent failure?,No,"Yes, the issue 17288 does report an intermittent failure.",0,"No, issue 17288 is an intermittent failure",1,"No, issue 17288 does not report an intermittent failure.",1,"Yes, issue 17288 mentions an intermittent failure.",0,"No, issue 17288 is not reporting an intermittent failure.",1,"No, issue 17288 does not report an intermittent failure.",1,"No, issue 17288 is not reporting an intermittent failure.",1
Summarize the failure of issue 18001,"Involved a test failure in the jdk_security3_1 suite, specifically in the sun/security/ssl/SSLSocketImpl/ClientModeClientAuth.java test case. The failure occurred due to a java.lang.IllegalAccessError caused by an attempt to invoke a non-public method contains on a HashSet. This issue was encountered during a test run on Java version 17.0.9-beta with Eclipse OpenJ9 VM on macOS aarch64 platform. The failure was not successfully reproduced in subsequent test runs.","The issue 18001 failed due to an IllegalAccessError in the java/util/HashSet class when running the ClientModeClientAuth test in the SSLSocketImpl class. This failure occurred in an internal build of the IBM Semeru Runtime Certified Edition 17.0.9+3-202308191433 on October 17, 2023.",0,"Title: jdk_security3_1_FAILED sun/security/ssl/SSLSocketImpl/ClientModeClientAuth.java java.lang.IllegalAccessError: invokeinterface of non-public method 'contains(Ljava/lang/Object;)Z' in java/util/HashSet
Exceptions: java.lang.IllegalAccessError: invokeinterface of non-public method 'contains(Ljava/lang/Object;)Z' in java/util/HashSet
Body: Failure link
------------

From [an internal build](https://hyc-runtimes-jenkins.swg-devops.com/job/Test_openjdk17_j9_extended.openjdk_aarch64_mac/77/)(`macaarch64rt2`):
```
java version ""17.0.9-beta"" 2023-10-17
IBM Semeru Runtime Certified Edition 17.0.9+3-202308191433 (build...
Labels: test failure",1,"The failure of issue 18001 is related to a failure link from an internal build, specifically from a build for the macaarch64rt2 platform. The build used Java version 17.0.9-beta and IBM Semeru Runtime Certified Edition 17.0.9+3-202308191433.",0,"Failure link
------------

From [an internal build](https://hyc-runtimes-jenkins.swg-devops.com/job/Test_openjdk17_j9_extended.openjdk_aarch64_mac/77/)(`macaarch64rt2`):
```
java version ""17.0.9-beta"" 2023-10-17
IBM Semeru Runtime Certified Edition 17.0.9+3-202308191433 (build...",0,The issue 18001 failed due to an IllegalAccessError in the sun/security/ssl/SSLSocketImpl/ClientModeClientAuth.java file when running the jdk_security3_1 test suite. This failure occurred in an internal build of the IBM Semeru Runtime Certified Edition 17.0.9+3-202308191433 on a Mac aarch64 machine.,1,The issue 18001 failed due to an IllegalAccessError in the java/util/HashSet class when running the ClientModeClientAuth test in the jdk_security3_1 test suite. This failure occurred in an internal build of OpenJDK 17 on a Mac aarch64 machine.,0,"The failure of issue 18001 is related to the test failure in the ""jdk_security3_1_FAILED sun/security/ssl/SSLSocketImpl/ClientModeClientAuth.java"" test case. The issue was created on 2023-08-22 by JasonFengJ9 and is labeled as a test failure. The issue does not have a milestone assigned to it. The body of the issue contains a link to the failure details from an internal build.",1,Does the issue 18336 happen with Adoptium builds?,No,"No, the issue 18336 does not happen with Adoptium builds.",1,"No, issue 18336 is not present in Adoptium builds.",1,"No, the issue 18336 does not happen with Adoptium builds.",1,"No, issue 18336 does not occur with Adoptium builds.",1,"No, the issue 18336 does not happen with Adoptium builds.",1,"Yes, there are known issues with Adoptium builds. Some examples include ""Adoptium build fails on macOS Big Sur"" and ""Adoptium build fails on Windows with Visual Studio 2019"". The issue is titled ""Recent builds of packaged Eclipse fail to launch with Semeru but succeed with Adoptium on macOS ARM"" and the body of the issue includes information about the Java version output for both Semeru and Adoptium builds.",0,"No, the problem with issue 18336 is not present in Adoptium builds.",1
Summarize the steps taken to reproduce issue 17307,The steps for reproducing issue 17307 is to Enable the GetStackTraceNotSuspendedStress. Fields in a VirtualThread instance are GC'ed while it is being used.,The steps taken to reproduce issue 17307 are to enable the `GetStackTraceNotSuspendedStress` feature and observe the error that occurs when using a VirtualThread instance whose fields are garbage collected while in use.,1,"The steps for reproducing issue 17307 are as follows: 
1. Enable the `GetStackTraceNotSuspendedStress` feature.
2. Run the `GetStackTraceNotSuspendedStressTest.java` test.
3. Observe the error where fields in a VirtualThread instance are garbage collected while it is being used.",1,The steps taken to reproduce issue 17307 are to enable the `GetStackTraceNotSuspendedStress` feature and observe the error that occurs when using a VirtualThread instance that has its fields garbage collected while in use.,1,"The reproduction steps outlined in issue 17307 are to enable the `GetStackTraceNotSuspendedStress` while running the `GetStackTraceNotSuspendedStressTest.java` test, which results in an error due to the GC'ing of fields in a VirtualThread instance while it is being used.",1,The steps taken to reproduce issue 17307 are to enable the `GetStackTraceNotSuspendedStress` feature and observe an error where fields in a VirtualThread instance are garbage collected while it is being used. This error can be recreated by enabling the feature and observing the error in the `GetStackTraceNotSuspendedStressTest.java` file.,1,"The steps taken to reproduce issue 17307 are to enable the `GetStackTraceNotSuspendedStress` feature and observe the error that occurs when using a VirtualThread instance whose fields are garbage collected while in use. The body of the issue titled ""VirtualThread instance fields are garbage collected while in use"" describes the issue and its potential consequences.",0,Summarize the steps taken to reproduce issue 17307: The process used to reproduce issue 17307 involves enabling `GetStackTraceNotSuspendedStress` which results in fields in a VirtualThread instance being garbage collected while it is being used.,1,is issue 17444 a blocker?,yes,"No, issue 17444 is not a blocker.",0,"No, issue 17444 is not classified as a blocker.",0,"No, issue 17444 is not a blocker.",0,"No, issue 17444 is not classified as a blocker.",0,"No, issue 17444 is not considered a blocker as it is in a closed state.",0,"No, issue 17444 is not a blocker.",0,"No, issue 17444 is not considered a blocker.",0
Summarize the error message for issue 17638,"The error message for issue 17638 is testMillis failed due to an assertion error: ""Duration 999ms, expected >= 1000ms""","The error message for issue 17638 is that the test ""SleepSanity::testMillisNanos 'testMillisNanos()'"" was successful.",0,"The error message for issue 17638 is ""Duration 999ms, expected >= 1000ms"". The exception is org.opentest4j.AssertionFailedError. The relevant details include the test name, the expected and actual duration, and the line number where the error occurred. This information is consistent with the verified source and provides a summary of the key points to note from the error message, exceptions, and relevant details for issue 17638.",1,"The error message for issue 17638 is that the test ""SleepSanity::testMillisNanos 'testMillisNanos()'"" passed in jdk_lang_1.",0,"OpenJDK java/lang/Thread/SleepSanity Duration 999ms, expected >= 1000ms",0,"The error message for issue 17638 is ""04:51:09 STARTED SleepSanity::testMillisNanos 'testMillisNanos()'\r\n04:51:09 SUCCESSFUL..."".",0,"The error message for issue 17063 is that the test ""SleepSanity::testMillisNanos 'testMillisNanos()'"" was successful.",0,"The error message for issue 17638 is ""OpenJDK java/lang/Thread/SleepSanity Duration 999ms, expected >= 1000ms"". The summary of the issue is related to a test case named SleepSanity::testMillisNanos in the file java/lang/Thread/SleepSanity.java where the expected duration was not met.",0,Did the failing build in issue 18337 generate a StackOverflowError during execution?,Yes,"No, the failing build in issue 18337 did not generate a StackOverflowError during execution.",0,"Yes, the build that failed in issue 18337 experienced a StackOverflowError while executing.",1,"Yes, the failing build in issue 18337 did generate a StackOverflowError during execution.",1,"Yes, the failing build in issue 18337 reported a StackOverflowError during execution.",1,"Yes, the failing build in issue 18337 did produce a StackOverflowError.",1,"Yes, the failing build can be found in existing issue reports.",1,"No, the failing build in issue 18337 did not generate a StackOverflowError during execution.",0
Summarize the failures of issue 17137,"The jdk_security3_0 test case failed due to NSS initialization. The failure mentioned in issue is ""java.security.ProviderException"" with causes including ""sun.security.pkcs11.wrapper.PKCS11Exception"" and ""java.io.IOException"".","The failure of issue 17137 is summarized as ""jdk_security3_0_FAILED IOException: NSS initialization failed"".",1,"The failure mentioned in issue 17137 is a java.security.ProviderException with a stack trace showing the cause as a PKCS11Exception with error code 0xCE534351. This occurred during initialization of the SunPKCS11 class. This issue is consistent with existing issue reports that mention java.security.ProviderException, PKCS11Exception with error code 0xCE534351, and issues with SunPKCS11 objects in the Eclipse OpenJ9 VM.",1,The failure of issue 17137 is related to an internal build of OpenJDK 17 on Linux. The failure is caused by an ArrayIndexOutOfBoundsException in the java.lang.CharacterDataLatin1.getProperties method.,0,The failure mentioned in issue 17137 is related to an internal build of OpenJDK 17 on ppc64le Linux. The failure is caused by an ArrayIndexOutOfBoundsException in the java/lang/String/ToLowerCase method. The stack trace and relevant details can be found in the body of the issue.,0,"The failure of issue 17137 is summarized as ""jdk_security3_0_FAILED IOException: NSS initialization failed"". The failure is caused by an issue with the Eclipse OpenJ9 VM.",1,"The failure of issue 17137 is summarized as ""jdk_security3_0_FAILED IOException: NSS initialization failed"". The cause of the failure in issue 17137 is an internal build with Java version ""17.0.7"" and IBM Semeru Runtime Certified Edition 17.0.7+5. The specific part of the issue that failed is the test failure in the java/lang/String/ToLowerCase.java file. The issue numbers are 17005, 17019, 17063, 17120, and 17137. This failure can also be found in 7 other issue reports.",,"Title: jdk_security3_0_FAILED IOException: NSS initialization failed
State: open
Issue creator: JasonFengJ9
Labels: test failure, comp:infra
Created at: 2023-04-10
Body: Failure link",1,is 17852 a test failure?,Yes,"Yes, 17852 is a test failure.",1,"Yes, issue 17852 is connected to a test failure.",1,"Yes, 17852 is a test failure.",1,"Yes, issue 17852 is related to a test failure.",1,"Yes, 17852 is a test failure.",1,"Yes, 17852 is a test failure.",1,"Yes, issue number 17852 has been marked as a test failure.",1
Summarize issue 18336,"In issue 18336, Recent builds of packaged Eclipse fail to launch with Semeru but succeed with Adoptium on macOS ARM (works fine on Windows). The cause of the java.lang.ExceptionInInitializerError in issue 18336 is a java.lang.NullPointerException at sun.security.util.KnownOIDs","Issue 18336 is closed with 10 comments. It was created on 2023-10-23 and closed on 2023-10-31 by kgibm. The labels associated with this issue are 'comp:jit, userRaised' and it is part of the milestone 'Release 0.41 (Java 8, 11, 17) Oct refresh'. The body of the issue contains information about the Java version and runtime used.
",0,Issue 18336 is titled 'Recent builds of packaged Eclipse fail to launch with Semeru but succeed with Adoptium on macOS ARM'. The cause of the java.lang.ExceptionInInitializerError in issue 18336 is a java.lang.NullPointerException at sun.security.util.KnownOIDs.<clinit>(KnownOIDs.java:457).,1,"Issue 18336 is titled ""Recent builds of packaged Eclipse fail to launch with Semeru but succeed with Adoptium on macOS ARM"". It was closed with 10 comments on October 31, 2023, by kgibm. The labels associated with this issue are ""comp:jit"" and ""userRaised"". The milestone for this issue is ""Release 0.41 (Java 8, 11, 17) Oct refresh"". The body of the issue contains information about the Java version output and details about the error encountered.",1,"Title: Recent builds of packaged Eclipse fail to launch with Semeru but succeed with Adoptium on macOS ARM
Body: Java -version output
--------------------

```
openjdk version ""17.0.8.1"" 2023-08-24
IBM Semeru Runtime Open Edition 17.0.8.1 (build 17.0.8.1+1)
Eclipse OpenJ9 VM 17.0.8.1 (build openj9-0.40.0, JRE 17 Mac OS X aarch64-64-Bit 20230824_392 (JIT enabled, AOT enabled)
OpenJ9   -...
Labels: comp:jit, userRaised",1,"Issue 18336 is titled 'Recent builds of packaged Eclipse fail to launch with Semeru but succeed with Adoptium on macOS ARM'. It was closed with 10 comments on October 31, 2023, by kgibm. The labels associated with this issue are 'comp:jit' and 'userRaised'. The milestone for this issue is 'Release 0.41 (Java 8, 11, 17) Oct refresh'. The body of the issue contains information about the Java version output and the runtime details.",1,"Issue 18336 is titled 'Recent builds of packaged Eclipse fail to launch with Semeru but succeed with Adoptium on macOS ARM'. It has 10 comments and was created on 2023-10-23, closed on October 31, 2023 by kgibm. The labels associated with this issue are 'comp:jit, userRaised'. There are no specific issue assignees mentioned. The milestone for this issue is 'Release 0.41 (Java 8, 11, 17) Oct refresh'. The body of the issue contains information about the Java version output and the runtime details.",1,"Issue 18336 is titled 'Recent builds of packaged Eclipse fail to launch with Semeru but succeed with Adoptium on macOS ARM'. It was closed with 10 comments on October 31, 2023, by kgibm. The labels associated with this issue are 'comp:jit, userRaised'. The milestone for this issue is 'Release 0.41 (Java 8, 11, 17) Oct refresh'. The body of the issue contains information about the Java version output and details about the builds.",1,"Was the GetThreadStateTest::testRunnable"" failure of issue 18763 "" reproduced?",No,"Yes, the GetThreadStateTest::testRunnable"" failure of issue 18763 was reproduced.",0,"No, the GetThreadStateTest::testRunnable failure of issue 18763 is not reproduced.",1,"Yes, the GetThreadStateTest::testRunnable"" failure of issue 18763 was reproduced.",0,"Yes, the failure of ""GetThreadStateTest::testRunnable"" in issue 18763 was reproduced.",0,"No, the GetThreadStateTest::testRunnable"" failure of issue 18763 was not successfully reproduced.",1,"No, the GetThreadStateTest::testRunnable failure of issue 18763 was not reproduced.",1,"The issue 18763 ""GetThreadStateTest::testRunnable"" failure has not been successfully reproduced.",1
Summarize the failure of issue 17005,"The failure of issue 17005 is related to an exception being thrown when aarch64_linux build test ant task failed, with an IllegalArgumentException. This is caused by java.lang.ArrayIndexOutOfBoundsException ",The failure of issue 17005 is related to the memoryPoolMXBean.getUsage method throwing an exception when the garbage collection policy is balanced.,0,"Title: [Bug report] memoryPoolMXBean.getUsage will throw exception when gcpolicy is balanced
Exceptions: Exception in thread ""main"" java.lang.IllegalArgumentException: init argument cannot be less than -1
Body: Java -version output
--------------------
I tried several versions and have the same problem.

```
openjdk version ""17.0.4.1-ea"" 2022-08-12
IBM Semeru Runtime Open Edition 17.0.4.1 (build 17.0.4.1-ea+1)
Eclipse OpenJ9 VM 17.0.4.1 (build openj9-0.33.1, JRE 17 Mac OS X aarch64-64-Bit...
Labels: comp:gc, userRaised",0,"Final answer: The failure of issue 17005 is related to an exception being thrown when the gcpolicy is balanced, specifically an IllegalArgumentException with an init argument that cannot be less than -1.",0,"Title: [Bug report] memoryPoolMXBean.getUsage will throw exception when gcpolicy is balanced
Body: Java -version output
--------------------
I tried several versions and have the same problem.

```
openjdk version ""17.0.4.1-ea"" 2022-08-12
IBM Semeru Runtime Open Edition 17.0.4.1 (build 17.0.4.1-ea+1)
Eclipse OpenJ9 VM 17.0.4.1 (build openj9-0.33.1, JRE 17 Mac OS X aarch64-64-Bit...
Labels: comp:gc, userRaised",0,The failure of issue 17005 is related to the memoryPoolMXBean.getUsage method throwing an exception when the garbage collection policy is set to balanced. The user encountered this issue while running Java -version output on different versions.,0,"The failure of issue 17005 is related to the memoryPoolMXBean.getUsage method throwing an exception when the gcpolicy is balanced. The specific error message related to issue 17005 when running Java -version output is ""I tried several versions and have the same problem."" The different versions of Java that were tried with issue 17005 are ""17.0.4.1-ea"" and ""17.0.4.1"".",0,The failure related to issue 17005 is a bug report where the memoryPoolMXBean.getUsage method throws an exception when the garbage collection policy is set to balanced. The user encountered this issue across multiple versions of the software.,0,Did issue 18089 report a java.lang.RuntimeException?,Yes,"Yes, issue 18089 did report a java.lang.RuntimeException.",1,"Yes, issue 18089 reports a java.lang.RuntimeException",1,"No, the issue 18089 did not report a java.lang.RuntimeException.",0,"Yes, issue 18089 mentions a java.lang.RuntimeException in its description or exceptions.",1,"Yes, issue 18089 did report a java.lang.RuntimeException.",1,"Yes, there are 6 existing issue reports that mention a java.lang.RuntimeException in the body.",1,"Yes, issue 18089 contained a report of a java.lang.RuntimeException.",1
Summarize the issue 17265,AnnotationFormatError: java.lang.IllegalArgumentException: Wrong type at constant pool index post class retransformation by agent,"The issue 17265 is in a closed state with 9 comments. It was created on 2023-04-25 and closed on 2023-11-17 by issue creator bvsvas. It is labeled as ""comp:vm, userRaised"" and is part of the milestone ""Release 0.43 (Java 8, 11, 17, 21) Jan refresh"". The body of the issue describes an error encountered while hitting a REST Endpoint in a Spring Boot application deployed in WebSphere Liberty, specifically after class retransformation by a Java agent.
",0,"Title: AnnotationFormatError: java.lang.IllegalArgumentException: Wrong type at constant pool index post class retransformation by agent
Body: I get the error AnnotationFormatError: java.lang.IllegalArgumentException: Wrong type at constant pool index It comes while hitting REST Endpoint in Spring Boot application deployed in WebSphere Liberty. It only comes when call was made after class retransformation by java agent. This error...
Exceptions: 
- Caused by: java.lang.IllegalArgumentException: Wrong type at constant pool index
- Caused by: java.lang.annotation.AnnotationFormatError: java.lang.IllegalArgumentException: Wrong type at constant pool index
Labels: comp:vm 
userRaised",1,"The issue 17265 is titled ""AnnotationFormatError: java.lang.IllegalArgumentException: Wrong type at constant pool index post class retransformation by agent"". It is closed with 9 comments, created on 2023-04-25, closed on 2023-11-17 by issue creator bvsvas. It is labeled with ""comp:vm"" and ""userRaised"", part of milestone ""Release 0.43 (Java 8, 11, 17, 21) Jan refresh"". The issue description involves encountering an error while hitting a REST Endpoint in a Spring Boot application deployed in WebSphere Liberty, specifically after class retransformation by a Java agent.",1,"Title: AnnotationFormatError: java.lang.IllegalArgumentException: Wrong type at constant pool index post class retransformation by agent
Body: I get the error AnnotationFormatError: java.lang.IllegalArgumentException: Wrong type at constant pool index It comes while hitting REST Endpoint in Spring Boot application deployed in WebSphere Liberty. It only comes when call was made after class retransformation by java agent. This error...
Labels: comp:vm, userRaised",1,"The issue 17265 is titled ""AnnotationFormatError: java.lang.IllegalArgumentException: Wrong type at constant pool index post class retransformation by agent"". It was closed with 9 comments on November 17, 2023, by the issue creator bvsvas. The labels associated with this issue are ""comp:vm"" and ""userRaised"". It was part of the milestone ""Release 0.43 (Java 8, 11, 17, 21) Jan refresh"". The detailed description of the issue mentions an error that occurs while hitting a REST Endpoint in a Spring Boot application deployed in WebSphere Liberty, specifically after class retransformation by a Java agent.",1,"The issue 17265 is titled ""AnnotationFormatError: java.lang.IllegalArgumentException: Wrong type at constant pool index post class retransformation by agent"". It is closed with 9 comments, created on 2023-04-25, closed on 2023-11-17 by bvsvas. It falls under the labels ""comp:vm, userRaised"" and is part of the milestone ""Release 0.43 (Java 8, 11, 17, 21) Jan refresh"". The body of the issue describes encountering the error while hitting a REST Endpoint in a Spring Boot application deployed in WebSphere Liberty, specifically after class retransformation by a Java agent.",1,"Issue 17265 is titled ""AnnotationFormatError: java.lang.IllegalArgumentException: Wrong type at constant pool index post class retransformation by agent"". It was closed with 9 comments on November 17, 2023, by the issue creator bvsvas. The labels associated with this issue are ""comp:vm"" and ""userRaised"". The milestone for this issue is ""Release 0.43 (Java 8, 11, 17, 21) Jan refresh"". The body of the issue describes an error encountered while hitting a REST Endpoint in a Spring Boot application deployed in WebSphere Liberty, specifically occurring after class retransformation by a Java agent.",1,Did the failure reported in issue 18669 occur in a test environment running on a Linux system?,Yes,"Yes, the failure reported in issue 18669 did occur in a test environment running on a Linux system.",1,"Yes, the failure in issue 18669 did occur on a Linux system in a test environment.",1,"Yes, the failure reported in issue 18669 did occur in a test environment running on a Linux system.",1,"Yes, the failure in issue 18669 happened in a test environment on a Linux system.",1,"Yes, the failure in issue 18669 was observed in a test environment that was using a Linux system.",1,,1,"No, the failure reported in issue 18669 did not occur in a test environment running on a Linux system.",0
List the tests failed in issue 17638,"The tests failed in issue 17638 are related to the are Jep425Tests_testVirtualThread_*, Jep442Tests_testLinkerFfi_*",The tests failed in issue 17638 are related to the SleepSanity test in the java/lang/Thread/SleepSanity.java file.,0,"The failed test in issue 17638 is ""OpenJDK java/lang/Thread/SleepSanity Duration 999ms, expected >= 1000ms"".",0,The tests failed in issue 17638 are related to the SleepSanity test in the java/lang/Thread/SleepSanity.java file.,0,"The failed test in issue 17638 is ""SleepSanity::testMillisNanos 'testMillisNanos()'"".",0,"The tests failed in issue 17638 are related to the ""java/lang/Thread/SleepSanity.java"" test case.",1,"The specific test that failed in issue 17638 is ""SleepSanity::testMillisNanos 'testMillisNanos()'"".",0,"The tests that failed in issue 17638 are related to the ""SleepSanity::testMillisNanos"" test in the ""java/lang/Thread/SleepSanity.java"" file.",0,Did the issue 17458 occur in JDK8?,No,"No, the issue 17458 did not occur in JDK8.",1,"No, issue 17458 is not related to JDK8",1,"Yes, the issue 17458 did occur in JDK8.",0,"Yes, issue 17458 is related to JDK8.",0,"No, the issue 17458 was not present in JDK8.",1,"Yes, JDK8 can be found in the list of JDK versions where issue 17458 occurred.",0,"Yes, the issue 17458 was present in JDK8.",0
List the component affected by issue 17638,The component affected by issue 17638 is  comp:jvmti  and comp:vm,"The component affected by issue 17638 is ""comp:vm, test failure, test excluded, jdk21"".",1,"The components impacted by issue 17638 are 'comp:vm', 'test failure', 'test excluded', and 'jdk21'.",1,"The component affected by issue 17638 is ""comp:vm"".",1,comp:vm,0,"The components affected by issue 17638 are 'comp:vm', 'test failure', 'test excluded', and 'jdk21'.",1,"The component affected by issue 17638 is ""comp:vm, test failure, test excluded, jdk21"" and not just ""comp:vm"".",1,The component affected by issue 17638 is 'comp:vm'.,1,"In issue 19014, did setting the parameter -Xint prevent the exception from being thrown?",Yes,"No, setting the parameter -Xint did not prevent the exception from being thrown.",0,"
No, setting the parameter -Xint did not successfully prevent the exception from being thrown.",0,"No, setting the parameter -Xint did not prevent the exception from being thrown.",0,"No, setting the parameter -Xint did not prevent the exception from being thrown.",0,"No, setting the parameter -Xint did not prevent the exception from being thrown.",0,"
No, the exception was thrown in issue 19014.",0,"No, the parameter -Xint did not successfully prevent the exception from being thrown in issue 19014.",0
Summarize the failures of issue 17137,"The jdk_security3_0 test case failed due to NSS initialization issues resulting in ""java.security.ProviderException"" with causes including ""sun.security.pkcs11.wrapper.PKCS11Exception"" and ""java.io.IOException"".","Title: jdk_security3_0_FAILED IOException: NSS initialization failed
Body: Failure link
------------
From [an internal build](https://hyc-runtimes-jenkins.swg-devops.com/job/Test_openjdk17_j9_extended.openjdk_ppc64le_linux/112/)(`rhel9lert-2`):
```
java version ""17.0.7"" 2023-04-18
IBM Semeru Runtime Certified Edition 17.0.7+5 (build 17.0.7+5)
Eclipse OpenJ9 VM...",0,"The failure, exception, and stack trace related to issue 17137 is as follows:
Title: jdk_security3_0_FAILED IOException: NSS initialization failed
Body: Failure link
From an internal build
java version ""17.0.7"" 2023-04-18
IBM Semeru Runtime Certified Edition 17.0.7+5 (build 17.0.7+5)
Eclipse OpenJ9 VM...
Exception and Failure Stack Trace: java.security.ProviderException: Initialization failed
at jdk.crypto.cryptoki/sun.security.pkcs11.SunPKCS11.<init>(SunPKCS11.java:465)
Caused by: sun.security.pkcs11.wrapper.PKCS11Exception: 0xCE534351(CKR_NSS_CERTDB_FAILED)",1,"The failure of issue 17137 is related to the title ""jdk_security3_0_FAILED IOException: NSS initialization failed"". The body of the issue contains information about the failure and a link to an internal build. The exception and failure stack trace includes ""java.security.ProviderException: Initialization failed"" and further details about the error.",1,"Title: jdk_security3_0_FAILED IOException: NSS initialization failed
Body: Failure link
------------
From [an internal build](https://hyc-runtimes-jenkins.swg-devops.com/job/Test_openjdk17_j9_extended.openjdk_ppc64le_linux/112/)(`rhel9lert-2`):
```
java version ""17.0.7"" 2023-04-18
IBM Semeru Runtime Certified Edition 17.0.7+5 (build 17.0.7+5)
Eclipse OpenJ9 VM...
Labels: test failure, comp:infra",0,"The failures of issue 17137 are related to a test failure with the title ""jdk_security3_0_FAILED IOException: NSS initialization failed"". The issue is currently in an open state with 10 comments and was created on 2023-04-10 by JasonFengJ9. The labels associated with this issue are ""test failure"" and ""comp:infra"". The body of the issue contains a link to the failure details.",1,"Title: jdk_security3_0_FAILED IOException: NSS initialization failed
Body: Failure link
------------
From [an internal build](https://hyc-runtimes-jenkins.swg-devops.com/job/Test_openjdk17_j9_extended.openjdk_ppc64le_linux/112/)(`rhel9lert-2`):
```
java version ""17.0.7"" 2023-04-18
IBM Semeru Runtime Certified Edition 17.0.7+5 (build 17.0.7+5)
Eclipse OpenJ9 VM...

The issue with the title ""jdk_security3_0_FAILED IOException: NSS initialization failed"" is currently open and was created on 2023-04-10.",0,"Title: jdk_security3_0_FAILED IOException: NSS initialization failed
State: open
Comments: 10
Created At: 2023-04-10
Issue Creator: JasonFengJ9
Milestone: None
Body: Failure link
From an internal build: java version ""17.0.7"" 2023-04-18 IBM Semeru Runtime Certified Edition 17.0.7+5 (build 17.0.7+5)",1,Does OpenJ9-8  encounter any errors in issue 18608?,No,"No, OpenJ9-8 does not encounter any errors in issue 18608.",1,"No, OpenJ9-8 does not encounter error in issue 18608.",1,"Yes, OpenJ9-8 encountered an error in issue 18608. The error was reported by user TheSail28 and was closed on 2023-12-17. The error was caused by a java.lang.invoke.MethodHandles$Lookup.<init>(java.lang.Class,int) exception.",0,"No, there are no errors reported for OpenJ9-8 in issue 18608.",1,"No, OpenJ9-8 does not encounter any errors in issue 18608.",1,"Yes, OpenJ9-8 encountered an error in issue 18608.",0,"No, OpenJ9-8 does not encounter any errors in issue 18608.",1
,,,,,,,,,,,,,,,,Does issue 18400 affect jit component ?,Yes,"No, the JIT component is not affected by issue 18400.",0,"No, the JIT component is not affected by issue 18400.",0,"No, issue 18400 does not affect the jit component.",0,"Yes, issue 18400 impacts the JIT component.",1,"No, issue 18400 does not affect the jit component.",0,"No, issue 18400 does not affect the jit component.",0,"No, the issue 18400 with the title 'Apache Lucene CI builds sometimes fail with OpenJ9 specific issues' is currently open and does not affect the jit component.",0
,,,,,,,,,,,,,,,,is issue 19014 an user raiser issue?,Yes,"No, issue 19014 is not a user raiser issue.",0,"Yes, issue 19014 is a user-reported issue.",1,"No, issue 19014 is not a user raiser issue.",0,"Yes, issue 19014 is a user-reported issue.",1,"Yes, issue 19014 was raised by a user named TemporaryRepos.",1,"Yes, issue 19014 is classified as a user raiser issue based on the presence of the label ""userRaised"" in the ""labels"" column of the issues table.",1,"Yes, issue 19014 is an issue raised by a user.",1
,,,,,,,,,,,,,,,,Is the issue 18082 found in windows machine?,No,"No, the issue 18082 is found in aarch64_linux machine, not in a windows machine.",1,"No, issue 18082 is not related to a Windows machine.",1,"No, the issue 18082 is found in aarch64_linux machine, not in a windows machine.",1,"No, issue 18082 is related to aarch64_linux machines, not Windows machines.",1,"No, the issue 18082 is not present on a Windows machine.",1,"No, the issue 18082 is associated with the aarch64_linux machine, but it is also found in a windows machine.",1,"No, the issue 18082 does not occur on a Windows machine.",1
,,,,,,,,,,,,,,,,does issue 17774 require triage?,yes,"No, issue 17774 does not require triage as it is already closed.",0,"No, issue 17774 does not need triage as it is already closed.",0,"No, issue 17774 does not require triage as it is already closed.",0,"Yes, Based on the information provided, issue 17774 needs triage based on its severity and impact.",1,"No, issue 17774 does not need to be triaged as it is already closed.",0,"Yes, issue 17774 is closed.",1,"No, issue 17774 does not require triage as it is already closed.",0
,,,,,,,,,,,,,,,,is component jit affected in issue 18043?,No,"No, the component JIT is not affected by issue 18043.",1,"No, the component JIT is not affected by issue 18043.",1,"No, the component affected in issue 18043 is ""test failure"" and not ""jit"".",1,"Yes, the component JIT is impacted in issue 18043.",0,"No, the component JIT is not impacted by issue 18043.",1,"No, the component ""jit"" is not affected in issue 18043.",1,"No, the component 'jit' is not affected in issue 18043.",1
,,,,,,,,,,,,,,,,is issue 17540 can be found in jdk 17?,No,Final answer here,0,"No, issue 17540 is not present in JDK 17.",1,"No, issue 17540 cannot be found in JDK 17.",1,"Yes, issue 17540 is present in JDK 17.",0,"No, issue 17540 cannot be found in JDK 17.",1,"No, issue 17540 cannot be found in JDK 17. It is located in the repository 'eclipse-openj9/openj9'.",1,"No, issue 17540 cannot be located in JDK 17 as it is related to JDK 21 Java 21 and Up failure.",1
,,,,,,,,,,,,,,,,is issue 17063 a linux issue?,yes,"No, issue 17063 is not a linux issue.",0,"Yes, issue 17063 is related to Linux as mentioned in the body of the issue.",1,,1,"Yes, issue 17063 is related to Linux.",1,,0,"Yes, issue 17063 is specifically categorized as a linux issue.",1,,0
,,,,,,,,,,,,,,,,is regression introduced in issue 17359?,yes,"No, regression is not introduced in issue 17359.",0,"Yes, a regression is mentioned in issue 17359.",1,"Yes, regression is introduced in issue 17359.",1,"No, a regression is not introduced in issue 17359.",0,"No, regression was introduced in issue 17359.",0,"No, regression is not introduced in issue 17359. Issue number where regression is introduced is 17288.",0,"No, regression was introduced in issue 17359.",0
,,,,,,,,,,,,,,,,does issue 18336 work fine on windows?,Yes,"No, issue 18336 is closed.",0,Issue 18336 is closed and not functioning correctly on Windows.,0,"Yes, issue 18336 works fine on Windows.",1,"The issue 18336 titled ""Recent builds of packaged Eclipse fail to launch with Semeru but succeed with Adoptium on macOS ARM"" was closed on 2023-10-31 by kgibm. It is related to comp:jit and was part of the ""Release 0.41 (Java 8, 11, 17) Oct refresh"". This issue does not mention anything specific about Windows, so it is unclear if it functions properly on Windows.",0,"No, issue 18336 is closed and not functioning properly on Windows.",0,"Yes, issue 18336 is closed.",1,"No, issue 18336 is closed and not functioning properly on Windows.",0
,,,,,,,,,,,,,,,,is there ExceptionInInitializerError in issue 18082?,Yes,"No, there is no ExceptionInInitializerError in issue 18082.",0,"Yes, issue 18082 has ExceptionInInitializerError listed in its exceptions.",1,"Yes, there is an ExceptionInInitializerError in issue 18082.",0,"Yes, issue 18082 contains ExceptionInInitializerError in its exceptions.",1,"No, issue 18082 is not experiencing an ExceptionInInitializerError.",0,"No, ExceptionInInitializerError cannot be found in issue 18082",0,"No, there is no ExceptionInInitializerError in issue 18082.",0
,,,,,,,,,,,,,,,,did the failure of issue 17063 repeat in automatic 3x grinder?,No,"No, the failure of issue 17063 did not repeat in automatic 3x grinder.",1,"No, the failure in issue 17063 did not reoccur in the automatic 3x grinder.",1,The failure of issue 17063 did not repeat in the automatic 3x grinder.,1,"No, the failure in issue 17063 did not recur in the automatic 3x grinder.",1,"No, the failure of issue 17063 did not repeat in the automatic 3x grinder.",1,"No, the failure of issue 17063 was not observed again in the automatic 3x grinder.",1,"No, the failure of issue 17063 has not been repeated in the automatic 3x grinder.",1
,,,,,,,,,,,,,,,,is issue 17852 a machine issue?,Yes,"No, issue 17852 is not a machine issue.",0,Issue 17852 is associated with a machine.,1,"No, issue 17852 is not a machine issue.",,"No, issue 17852 is not categorized as a machine issue.",0,"No, issue 17852 is not classified as a machine issue.",,"No, issue 17852 is not classified as a machine issue.",0,"No, issue 17852 is not classified as a machine issue.",